{"cameraMode":{"drawMode":0,"name":"Shaded","section":"Shading Mode"},"sceneLighting":false,"audioPlay":false,"sceneViewState":{"showFog":true,"showMaterialUpdate":false,"showSkybox":false,"showFlares":true,"showImageEffects":true,"showParticleSystems":true},"in2DMode":false,"pivot":{"x":0.09531417489051819,"y":0.9114314317703247,"z":0.1665632426738739},"rotation":{"x":-0.0008779565687291324,"y":0.956214427947998,"z":-0.2926516532897949,"w":-0.0028686518780887129},"size":5.010505676269531,"orthographic":false}