{"cameraMode":{"drawMode":0,"name":"Shaded","section":"Shading Mode"},"sceneLighting":true,"audioPlay":false,"sceneViewState":{"showFog":true,"showMaterialUpdate":false,"showSkybox":true,"showFlares":true,"showImageEffects":true,"showParticleSystems":true},"in2DMode":false,"pivot":{"x":10.577600479125977,"y":-0.6706581115722656,"z":5.858777046203613},"rotation":{"x":-0.12746037542819978,"y":0.005056030582636595,"z":-0.0006496926071122289,"w":-0.991830587387085},"size":18.295576095581056,"orthographic":false}